{"loss": [4.532166004180908, 3.5668118000030518, 2.7128982543945312, 2.1243908405303955, 1.7187880277633667, 1.3841793537139893, 1.2310550212860107, 1.047815203666687, 0.8995605707168579, 0.8317162394523621, 0.7351148724555969, 0.7131470441818237, 0.6071624159812927, 0.6220781803131104, 0.4588499963283539, 0.4781530499458313, 0.44755280017852783, 0.4893263876438141, 0.40514352917671204, 0.44813457131385803, 0.35039231181144714, 0.3834628164768219, 0.34792232513427734, 0.36501532793045044, 0.2823930084705353, 0.2953815758228302, 0.3242160677909851, 0.30555853247642517, 0.27611109614372253, 0.26818040013313293, 0.26451605558395386, 0.2664194703102112, 0.25290894508361816, 0.2303861677646637, 0.2467258870601654, 0.2642512023448944, 0.2054063081741333, 0.23614627122879028, 0.2329304814338684, 0.22105194628238678, 0.22311696410179138, 0.21304580569267273, 0.216155007481575, 0.21379606425762177, 0.18637171387672424, 0.18693475425243378, 0.21724887192249298, 0.19625307619571686, 0.21568255126476288, 0.22390353679656982, 0.1651318520307541, 0.1737132966518402, 0.19661374390125275, 0.16154392063617706, 0.22711680829524994, 0.1641041785478592, 0.22693781554698944, 0.11301158368587494, 0.19775240123271942, 0.2452443242073059, 0.17655214667320251, 0.20202432572841644, 0.16212022304534912, 0.16519905626773834, 0.15073859691619873, 0.18736346065998077, 0.15650974214076996, 0.1886482834815979, 0.11932997405529022, 0.19798243045806885, 0.1534174233675003, 0.18910092115402222, 0.1882120668888092, 0.15502144396305084, 0.16158321499824524, 0.1480918675661087, 0.11946207284927368, 0.15169519186019897, 0.13792499899864197, 0.12917011976242065, 0.13882145285606384, 0.15124483406543732, 0.13026581704616547, 0.15720108151435852, 0.13779941201210022, 0.10078024864196777, 0.13765612244606018, 0.18036650121212006, 0.1630246341228485, 0.14919033646583557, 0.17451825737953186, 0.16699333488941193, 0.13803289830684662, 0.16339775919914246, 0.14061002433300018, 0.15212519466876984, 0.12224361300468445, 0.10947909206151962, 0.12597769498825073, 0.14897046983242035], "accuracy": [0.042500000447034836, 0.1393750011920929, 0.28687500953674316, 0.3787499964237213, 0.4806250035762787, 0.5756250023841858, 0.5975000262260437, 0.6831250190734863, 0.7099999785423279, 0.7356250286102295, 0.7693750262260437, 0.7818750143051147, 0.7931249737739563, 0.8037499785423279, 0.8537499904632568, 0.8537499904632568, 0.8525000214576721, 0.8475000262260437, 0.8773466944694519, 0.8512499928474426, 0.8812500238418579, 0.8756250143051147, 0.8931249976158142, 0.8943750262260437, 0.9143750071525574, 0.903124988079071, 0.8931249976158142, 0.9137499928474426, 0.9068750143051147, 0.9150000214576721, 0.9131249785423279, 0.9175000190734863, 0.925000011920929, 0.9325000047683716, 0.9300000071525574, 0.9162499904632568, 0.9387500286102295, 0.9287499785423279, 0.9318749904632568, 0.9306250214576721, 0.9356250166893005, 0.940625011920929, 0.9412500262260437, 0.9337499737739563, 0.9443749785423279, 0.9487500190734863, 0.9424999952316284, 0.9449999928474426, 0.9412500262260437, 0.9368749856948853, 0.9487500190734863, 0.9493749737739563, 0.9468749761581421, 0.9506250023841858, 0.9487500190734863, 0.9481250047683716, 0.9331250190734863, 0.961827278137207, 0.9412500262260437, 0.9387500286102295, 0.9524999856948853, 0.9481250047683716, 0.9524999856948853, 0.9537500143051147, 0.9581249952316284, 0.948685884475708, 0.9581249952316284, 0.9543750286102295, 0.9668750166893005, 0.9468749761581421, 0.9524999856948853, 0.9606249928474426, 0.9606249928474426, 0.9606249928474426, 0.9599999785423279, 0.9599999785423279, 0.9668750166893005, 0.9599999785423279, 0.9599499106407166, 0.9700000286102295, 0.9662500023841858, 0.9593750238418579, 0.9605756998062134, 0.9618750214576721, 0.9662500023841858, 0.9693750143051147, 0.9631249904632568, 0.9624999761581421, 0.9624999761581421, 0.965624988079071, 0.9618750214576721, 0.9574999809265137, 0.9693750143051147, 0.9630788564682007, 0.9700000286102295, 0.965624988079071, 0.9631249904632568, 0.9662500023841858, 0.9681249856948853, 0.9599999785423279], "val_loss": [3.773137092590332, 2.7169854640960693, 1.8842248916625977, 1.3860116004943848, 0.9567939639091492, 1.1139994859695435, 0.6287029981613159, 0.48394736647605896, 0.49453744292259216, 0.31954488158226013, 0.40032660961151123, 0.22782480716705322, 0.409546822309494, 0.235856831073761, 0.2998289167881012, 0.14810886979103088, 0.41637805104255676, 0.43373537063598633, 0.2827909290790558, 0.17792628705501556, 0.07102648168802261, 0.30057305097579956, 0.0747956857085228, 0.0899774432182312, 0.10647984594106674, 0.21906904876232147, 0.06601126492023468, 0.05698509141802788, 0.21305088698863983, 0.14081226289272308, 0.123812735080719, 0.028214214369654655, 0.12622226774692535, 0.07112716883420944, 0.04248080030083656, 0.1763477772474289, 0.13135139644145966, 0.11292714625597, 0.10430028289556503, 0.10969454795122147, 0.04901409521698952, 0.11696188896894455, 0.21012772619724274, 0.018330276012420654, 0.02717967890202999, 0.10718032717704773, 0.04620648920536041, 0.04232940450310707, 0.03583376854658127, 0.06683937460184097, 0.017781682312488556, 0.05406448617577553, 0.03034689836204052, 0.0728098675608635, 0.10309943556785583, 0.035714540630578995, 0.026194492354989052, 0.012201002798974514, 0.02833160199224949, 0.0197845920920372, 0.175531804561615, 0.029369952157139778, 0.04373351112008095, 0.11270735412836075, 0.010935383848845959, 0.025223201140761375, 0.07264579832553864, 0.05716122314333916, 0.023535043001174927, 0.0028683983255177736, 0.058226678520441055, 0.38094520568847656, 0.01767796464264393, 0.05976155400276184, 0.023442581295967102, 0.020320456475019455, 0.06339480727910995, 0.013397897593677044, 0.05715033411979675, 0.13174951076507568, 0.03020329214632511, 0.10554784536361694, 0.052561864256858826, 0.024402620270848274, 0.039231445640325546, 0.0012114475248381495, 0.0576653890311718, 0.009124447591602802, 0.06251566857099533, 0.049383342266082764, 0.015757368877530098, 0.010613706894218922, 0.00813682097941637, 0.01083762664347887, 0.06450854241847992, 0.06037342920899391, 0.04170290753245354, 0.0026307404041290283, 0.0069622802548110485, 0.04256448149681091], "val_accuracy": [0.1067708358168602, 0.3020833432674408, 0.4505208432674408, 0.5963541865348816, 0.703125, 0.6354166865348816, 0.8203125, 0.8541666865348816, 0.8333333134651184, 0.9140625, 0.8463541865348816, 0.9270833134651184, 0.8776041865348816, 0.9114583134651184, 0.9088541865348816, 0.9348958134651184, 0.8567708134651184, 0.8619791865348816, 0.8958333134651184, 0.9270833134651184, 0.9817708134651184, 0.8776041865348816, 0.96875, 0.9661458134651184, 0.9609375, 0.9270833134651184, 0.9791666865348816, 0.9765625, 0.9270833134651184, 0.9557291865348816, 0.9609375, 0.9921875, 0.9479166865348816, 0.9765625, 0.9895833134651184, 0.9375, 0.953125, 0.9609375, 0.9609375, 0.9479166865348816, 0.9869791865348816, 0.9557291865348816, 0.9166666865348816, 0.9947916865348816, 0.9895833134651184, 0.9609375, 0.9765625, 0.9895833134651184, 0.984375, 0.9791666865348816, 0.9921875, 0.9895833134651184, 0.9921875, 0.9869791865348816, 0.9635416865348816, 0.9869791865348816, 0.9947916865348816, 0.9973958134651184, 0.9921875, 0.9921875, 0.9635416865348816, 0.9869791865348816, 0.9895833134651184, 0.9791666865348816, 0.9947916865348816, 0.9895833134651184, 0.9817708134651184, 0.9869791865348816, 0.9895833134651184, 1.0, 0.9765625, 0.9088541865348816, 0.9973958134651184, 0.9791666865348816, 0.9895833134651184, 0.9921875, 0.984375, 0.9973958134651184, 0.984375, 0.96875, 0.9895833134651184, 0.9765625, 0.9869791865348816, 0.9921875, 0.9921875, 1.0, 0.9817708134651184, 0.9973958134651184, 0.9817708134651184, 0.9817708134651184, 0.9921875, 0.9921875, 0.9973958134651184, 0.9947916865348816, 0.9921875, 0.9765625, 0.984375, 1.0, 0.9973958134651184, 0.9817708134651184]}